{
	"credit": "Made with Blockbench",
	"texture_size": [32, 32],
	"textures": {
		"1": "item/potion"
	},
	"elements": [
		{
			"name": "Glas",
			"from": [6, 0, 6],
			"to": [11, 5.25, 11],
			"rotation": {"angle": 0, "axis": "y", "origin": [14, 8, 14]},
			"faces": {
				"north": {"uv": [0, 0, 3.125, 3.125], "texture": "#1"},
				"east": {"uv": [3, 3, 6.125, 6.125], "texture": "#1"},
				"south": {"uv": [0, 3, 3.125, 6.125], "texture": "#1"},
				"west": {"uv": [3, 0, 6.125, 3.125], "texture": "#1"},
				"up": {"uv": [9, 0, 12.125, 3.125], "texture": "#1"},
				"down": {"uv": [6, 0, 9.125, 3.125], "texture": "#1"}
			}
		},
		{
			"name": "Hals",
			"from": [7.5, 5.5, 7.5],
			"to": [9.5, 7.25, 9.5],
			"rotation": {"angle": 0, "axis": "y", "origin": [14, 13.25, 14]},
			"faces": {
				"north": {"uv": [0, 12, 2, 13.25], "texture": "#1"},
				"east": {"uv": [0, 12, 2, 13.25], "texture": "#1"},
				"south": {"uv": [0, 12, 2, 13.25], "texture": "#1"},
				"west": {"uv": [0, 12, 2, 13.25], "texture": "#1"},
				"up": {"uv": [14, 14.75, 16, 16], "texture": "#1"},
				"down": {"uv": [14, 14.75, 16, 16], "texture": "#1"}
			}
		},
		{
			"name": "Übergang",
			"from": [7, 5.25, 7],
			"to": [10, 5.5, 10],
			"rotation": {"angle": 0, "axis": "y", "origin": [14, 13, 14]},
			"faces": {
				"north": {"uv": [0, 8.75, 2.75, 9], "texture": "#1"},
				"east": {"uv": [0, 8.75, 2.75, 9], "texture": "#1"},
				"south": {"uv": [0, 8.75, 2.75, 9], "texture": "#1"},
				"west": {"uv": [0, 8.75, 2.75, 9], "texture": "#1"},
				"up": {"uv": [6, 3, 9, 6], "texture": "#1"},
				"down": {"uv": [0, 8.375, 3, 11.375], "texture": "#1"}
			}
		},
		{
			"name": "Stöpsel",
			"from": [7.25, 7.25, 7.25],
			"to": [9.75, 8, 9.75],
			"rotation": {"angle": 0, "axis": "y", "origin": [14, 15.25, 14]},
			"faces": {
				"north": {"uv": [4.125, 13.75, 6.625, 14.5], "texture": "#1"},
				"east": {"uv": [4.125, 14.125, 6.625, 14.875], "texture": "#1"},
				"south": {"uv": [4.125, 14.125, 6.625, 14.875], "texture": "#1"},
				"west": {"uv": [4.125, 14, 6.625, 14.75], "texture": "#1"},
				"up": {"uv": [4.125, 13.25, 6.625, 15.75], "texture": "#1"},
				"down": {"uv": [4.125, 13.25, 6.625, 15.75], "texture": "#1"}
			}
		}
	],
	"display": {
		"thirdperson_righthand": {
			"translation": [0, 4.25, -0.75],
			"scale": [0.54, 0.54, 0.54]
		},
		"thirdperson_lefthand": {
			"translation": [0, 4.25, -0.75],
			"scale": [0.54, 0.54, 0.54]
		},
		"firstperson_righthand": {
			"translation": [0, 5, 1.5],
			"scale": [0.63, 0.63, 0.63]
		},
		"firstperson_lefthand": {
			"translation": [0, 5, 1.5],
			"scale": [0.63, 0.63, 0.63]
		},
		"ground": {
			"translation": [0, 4.5, 0]
		},
		"gui": {
			"rotation": [0, -58, -24],
			"translation": [1.25, 6.75, 0],
			"scale": [1.5, 1.5, 1.5]
		},
		"fixed": {
			"translation": [-0.5, 6.25, -2.75],
			"scale": [1.42, 1.42, 1.42]
		}
	}
}