{
	"credit": "Made with Blockbench",
	"texture_size": [32, 32],
	"textures": {
		"0": "item/potion_overlay",
		"1": "item/potion",
		"particle": "item/potion_overlay"
	},
	"elements": [
		{
			"name": "Glas",
			"from": [6, 0, 6],
			"to": [11, 5.25, 11],
			"rotation": {"angle": 0, "axis": "y", "origin": [14, 8, 14]},
			"faces": {
				"north": {"uv": [0, 0, 3.125, 3.125], "texture": "#1"},
				"east": {"uv": [3, 3, 6.125, 6.125], "texture": "#1"},
				"south": {"uv": [0, 3, 3.125, 6.125], "texture": "#1"},
				"west": {"uv": [3, 0, 6.125, 3.125], "texture": "#1"},
				"up": {"uv": [9, 0, 12.125, 3.125], "texture": "#1"},
				"down": {"uv": [6, 0, 9.125, 3.125], "texture": "#1"}
			}
		},
		{
			"name": "Flüssigkeit",
			"from": [6.5, 0.5, 6.5],
			"to": [10.5, 4.5, 10.5],
			"rotation": {"angle": 0, "axis": "y", "origin": [14, 8, 14]},
			"faces": {
				"north": {"uv": [0, 0, 16, 16], "texture": "#0", "tintindex": 0},
				"east": {"uv": [0, 0, 16, 16], "texture": "#0", "tintindex": 0},
				"south": {"uv": [0, 0, 16, 16], "texture": "#0", "tintindex": 0},
				"west": {"uv": [0, 0, 16, 16], "texture": "#0", "tintindex": 0},
				"up": {"uv": [0, 0, 16, 16], "texture": "#0", "tintindex": 0},
				"down": {"uv": [0, 0, 16, 16], "texture": "#0", "tintindex": 0}
			}
		},
		{
			"name": "Flüssigkeit",
			"from": [7.5, 4.5, 7.5],
			"to": [9.5, 5, 9.5],
			"rotation": {"angle": 0, "axis": "y", "origin": [14, 12, 14]},
			"faces": {
				"north": {"uv": [0, 0, 16, 16], "texture": "#0", "tintindex": 0},
				"east": {"uv": [0, 0, 16, 16], "texture": "#0", "tintindex": 0},
				"south": {"uv": [0, 0, 16, 16], "texture": "#0", "tintindex": 0},
				"west": {"uv": [0, 0, 16, 16], "texture": "#0", "tintindex": 0},
				"up": {"uv": [0, 0, 16, 16], "texture": "#0", "tintindex": 0},
				"down": {"uv": [0, 0, 16, 16], "texture": "#0", "tintindex": 0}
			}
		},
		{
			"name": "Flüssigkeit",
			"from": [8, 5, 8],
			"to": [9, 5.75, 9],
			"rotation": {"angle": 0, "axis": "y", "origin": [14, 12.5, 14]},
			"faces": {
				"north": {"uv": [0, 0, 16, 16], "texture": "#0", "tintindex": 0},
				"east": {"uv": [0, 0, 16, 16], "texture": "#0", "tintindex": 0},
				"south": {"uv": [0, 0, 16, 16], "texture": "#0", "tintindex": 0},
				"west": {"uv": [0, 0, 16, 16], "texture": "#0", "tintindex": 0},
				"up": {"uv": [0, 0, 16, 16], "texture": "#0", "tintindex": 0},
				"down": {"uv": [0, 0, 16, 16], "texture": "#0", "tintindex": 0}
			}
		},
		{
			"name": "Hals",
			"from": [7.5, 5.5, 7.5],
			"to": [9.5, 7.25, 9.5],
			"rotation": {"angle": 0, "axis": "y", "origin": [14, 13.25, 14]},
			"faces": {
				"north": {"uv": [0, 12, 2, 13.25], "texture": "#1"},
				"east": {"uv": [0, 12, 2, 13.25], "texture": "#1"},
				"south": {"uv": [0, 12, 2, 13.25], "texture": "#1"},
				"west": {"uv": [0, 12, 2, 13.25], "texture": "#1"},
				"up": {"uv": [14, 14.75, 16, 16], "texture": "#1"},
				"down": {"uv": [14, 14.75, 16, 16], "texture": "#1"}
			}
		},
		{
			"name": "Übergang",
			"from": [7, 5.25, 7],
			"to": [10, 5.5, 10],
			"rotation": {"angle": 0, "axis": "y", "origin": [14, 13, 14]},
			"faces": {
				"north": {"uv": [0, 8.75, 2.75, 9], "texture": "#1"},
				"east": {"uv": [0, 8.75, 2.75, 9], "texture": "#1"},
				"south": {"uv": [0, 8.75, 2.75, 9], "texture": "#1"},
				"west": {"uv": [0, 8.75, 2.75, 9], "texture": "#1"},
				"up": {"uv": [6, 3, 9, 6], "texture": "#1"},
				"down": {"uv": [0, 8.375, 3, 11.375], "texture": "#1"}
			}
		},
		{
			"name": "Stöpsel",
			"from": [7.25, 7.25, 7.25],
			"to": [9.75, 8, 9.75],
			"rotation": {"angle": 0, "axis": "y", "origin": [14, 15.25, 14]},
			"faces": {
				"north": {"uv": [4.125, 13.75, 6.625, 14.5], "texture": "#1"},
				"east": {"uv": [4.125, 14.125, 6.625, 14.875], "texture": "#1"},
				"south": {"uv": [4.125, 14.125, 6.625, 14.875], "texture": "#1"},
				"west": {"uv": [4.125, 14, 6.625, 14.75], "texture": "#1"},
				"up": {"uv": [4.125, 13.25, 6.625, 15.75], "texture": "#1"},
				"down": {"uv": [4.125, 13.25, 6.625, 15.75], "texture": "#1"}
			}
		},
		{
			"name": "HalterungU1",
			"from": [7.65, 8, 8.25],
			"to": [8, 9.1, 8.7],
			"rotation": {"angle": 0, "axis": "y", "origin": [15, 16, 16.35]},
			"faces": {
				"north": {"uv": [13, 9.375, 13.35, 10.475], "texture": "#1"},
				"east": {"uv": [13, 9.375, 13.35, 10.475], "texture": "#1"},
				"south": {"uv": [13, 9.375, 13.35, 10.475], "texture": "#1"},
				"west": {"uv": [13, 9.375, 13.35, 10.475], "texture": "#1"},
				"up": {"uv": [13, 9.375, 13.35, 9.825], "texture": "#1"},
				"down": {"uv": [13, 9.375, 13.35, 9.825], "texture": "#1"}
			}
		},
		{
			"name": "HalterungU2",
			"from": [8.95, 8, 8.25],
			"to": [9.3, 9.1, 8.7],
			"rotation": {"angle": 0, "axis": "y", "origin": [16.2, 16, 16.35]},
			"faces": {
				"north": {"uv": [13, 9.375, 13.35, 10.475], "texture": "#1"},
				"east": {"uv": [13, 9.375, 13.35, 10.475], "texture": "#1"},
				"south": {"uv": [13, 9.375, 13.35, 10.475], "texture": "#1"},
				"west": {"uv": [13, 9.375, 13.35, 10.475], "texture": "#1"},
				"up": {"uv": [13, 9.375, 13.35, 9.825], "texture": "#1"},
				"down": {"uv": [13, 9.375, 13.35, 9.825], "texture": "#1"}
			}
		},
		{
			"name": "HalterungO2",
			"from": [8.45, 8.5, 8.05],
			"to": [8.6, 9.4, 8.2],
			"rotation": {"angle": 0, "axis": "y", "origin": [15.7, 16.5, 16.15]},
			"faces": {
				"north": {"uv": [13.125, 9.5, 13.275, 10.4], "texture": "#1"},
				"east": {"uv": [13.125, 9.5, 13.275, 10.4], "texture": "#1"},
				"south": {"uv": [13.125, 9.5, 13.275, 10.4], "texture": "#1"},
				"west": {"uv": [13.125, 9.5, 13.275, 10.4], "texture": "#1"},
				"up": {"uv": [13.125, 9.5, 13.275, 10.4], "texture": "#1"},
				"down": {"uv": [13.125, 9.5, 13.275, 10.4], "texture": "#1"}
			}
		},
		{
			"name": "ÜbergangGriff",
			"from": [8.35, 9.4, 7.95],
			"to": [8.7, 9.7, 9],
			"rotation": {"angle": 0, "axis": "y", "origin": [15.7, 17.4, 16.15]},
			"faces": {
				"north": {"uv": [11.5, 13.75, 11.85, 14.05], "texture": "#1"},
				"east": {"uv": [12.875, 14, 13.425, 14.3], "texture": "#1"},
				"south": {"uv": [13.75, 13.875, 14.1, 14.175], "texture": "#1"},
				"west": {"uv": [12.5, 13.75, 13.55, 14.05], "texture": "#1"},
				"up": {"uv": [13.125, 13.625, 14.175, 13.925], "rotation": 90, "texture": "#1"},
				"down": {"uv": [12.75, 13.75, 13.8, 14.05], "texture": "#1"}
			}
		},
		{
			"name": "Griff",
			"from": [8.35, 9.7, 8.3],
			"to": [8.7, 13, 8.65],
			"rotation": {"angle": 0, "axis": "y", "origin": [15.7, 17.7, 16.15]},
			"faces": {
				"north": {"uv": [11.75, 13.75, 14.25, 14.1], "rotation": 90, "texture": "#1"},
				"east": {"uv": [11.75, 13.75, 14.25, 14.1], "rotation": 90, "texture": "#1"},
				"south": {"uv": [11.75, 13.75, 14.25, 14.1], "rotation": 90, "texture": "#1"},
				"west": {"uv": [11.75, 13.75, 14.25, 14.1], "rotation": 90, "texture": "#1"},
				"up": {"uv": [12.125, 13.875, 12.475, 14.225], "rotation": 90, "texture": "#1"},
				"down": {"uv": [8.5, 11.25, 11, 11.6], "rotation": 90, "texture": "#1"}
			}
		},
		{
			"name": "HalterungO1",
			"from": [8.45, 8.5, 8.75],
			"to": [8.6, 9.4, 8.9],
			"rotation": {"angle": 0, "axis": "y", "origin": [15.7, 16.5, 16.85]},
			"faces": {
				"north": {"uv": [13, 9.5, 13.15, 10.4], "texture": "#1"},
				"east": {"uv": [13, 9.5, 13.15, 10.4], "texture": "#1"},
				"south": {"uv": [13, 9.5, 13.15, 10.4], "texture": "#1"},
				"west": {"uv": [13, 9.5, 13.15, 10.4], "texture": "#1"},
				"up": {"uv": [13, 9.5, 13.15, 10.4], "texture": "#1"},
				"down": {"uv": [13, 9.5, 13.15, 10.4], "texture": "#1"}
			}
		},
		{
			"name": "HalterungUnten",
			"from": [8.45, 8.5, 8.2],
			"to": [8.6, 8.65, 8.75],
			"rotation": {"angle": 0, "axis": "x", "origin": [8.525, 8.575, 8.65]},
			"faces": {
				"north": {"uv": [10.625, 9.5, 10.775, 10.4], "rotation": 90, "texture": "#1"},
				"east": {"uv": [13.225, 9.5, 13.375, 10.4], "rotation": 90, "texture": "#1"},
				"south": {"uv": [10.875, 9.5, 11.025, 10.4], "rotation": 90, "texture": "#1"},
				"west": {"uv": [13.225, 9.5, 13.375, 10.4], "rotation": 90, "texture": "#1"},
				"up": {"uv": [13.225, 9.5, 13.375, 10.4], "rotation": 90, "texture": "#1"},
				"down": {"uv": [13.225, 9.5, 13.375, 10.4], "rotation": 90, "texture": "#1"}
			}
		},
		{
			"name": "Zwischenstange",
			"from": [8, 8.75, 8.35],
			"to": [8.95, 9, 8.6],
			"rotation": {"angle": 0, "axis": "z", "origin": [8.5, 8.875, 8.475]},
			"faces": {
				"north": {"uv": [13, 9.5, 13.25, 10.5], "rotation": 90, "texture": "#1"},
				"east": {"uv": [9.5, 9.125, 9.75, 10.125], "rotation": 90, "texture": "#1"},
				"south": {"uv": [13, 9.5, 13.25, 10.5], "rotation": 90, "texture": "#1"},
				"west": {"uv": [10, 8.375, 10.25, 9.375], "rotation": 90, "texture": "#1"},
				"up": {"uv": [13, 9.5, 13.25, 10.5], "rotation": 90, "texture": "#1"},
				"down": {"uv": [13, 9.5, 13.25, 10.5], "rotation": 90, "texture": "#1"}
			}
		}
	],
	"display": {
		"thirdperson_righthand": {
			"rotation": [-180, 0, 0],
			"translation": [0, 1, 1.25],
			"scale": [0.54, 0.54, 0.54]
		},
		"thirdperson_lefthand": {
			"rotation": [-180, 0, 0],
			"translation": [0, 1, 1.25],
			"scale": [0.54, 0.54, 0.54]
		},
		"firstperson_righthand": {
			"rotation": [-180, 0, 0],
			"translation": [0, 3, 3.5],
			"scale": [0.63, 0.63, 0.63]
		},
		"firstperson_lefthand": {
			"rotation": [-180, 0, 0],
			"translation": [0, 3, 3.5],
			"scale": [0.63, 0.63, 0.63]
		},
		"ground": {
			"rotation": [-180, 0, 0],
			"translation": [0, 4.5, 0]
		},
		"gui": {
			"rotation": [0, -58, -24],
			"translation": [1.25, 3, 0],
			"scale": [1.08, 1.08, 1.08]
		},
		"fixed": {
			"rotation": [0, 0, 45],
			"translation": [-2.75, 2, -2.75],
			"scale": [1.42, 1.42, 1.42]
		}
	}
}