{
	"credit": "Made with Blockbench",
	"texture_size": [32, 32],
	"textures": {
		"0": "item/potion_overlay",
		"1": "item/potion",
		"particle": "item/potion_overlay"
	},
	"elements": [
		{
			"name": "Glas",
			"from": [6, 0, 6],
			"to": [11, 5.25, 11],
			"rotation": {"angle": 0, "axis": "y", "origin": [14, 8, 14]},
			"faces": {
				"north": {"uv": [0, 0, 3.125, 3.125], "texture": "#1"},
				"east": {"uv": [3, 3, 6.125, 6.125], "texture": "#1"},
				"south": {"uv": [0, 3, 3.125, 6.125], "texture": "#1"},
				"west": {"uv": [3, 0, 6.125, 3.125], "texture": "#1"},
				"up": {"uv": [9, 0, 12.125, 3.125], "texture": "#1"},
				"down": {"uv": [6, 0, 9.125, 3.125], "texture": "#1"}
			}
		},
		{
			"name": "Flüssigkeit",
			"from": [6.5, 0.5, 6.5],
			"to": [10.5, 4.5, 10.5],
			"rotation": {"angle": 0, "axis": "y", "origin": [14, 8, 14]},
			"faces": {
				"north": {"uv": [0, 0, 16, 16], "texture": "#0", "tintindex": 0},
				"east": {"uv": [0, 0, 16, 16], "texture": "#0", "tintindex": 0},
				"south": {"uv": [0, 0, 16, 16], "texture": "#0", "tintindex": 0},
				"west": {"uv": [0, 0, 16, 16], "texture": "#0", "tintindex": 0},
				"up": {"uv": [0, 0, 16, 16], "texture": "#0", "tintindex": 0},
				"down": {"uv": [0, 0, 16, 16], "texture": "#0", "tintindex": 0}
			}
		},
		{
			"name": "Flüssigkeit",
			"from": [7.5, 4.5, 7.5],
			"to": [9.5, 5, 9.5],
			"rotation": {"angle": 0, "axis": "y", "origin": [14, 12, 14]},
			"faces": {
				"north": {"uv": [0, 0, 16, 16], "texture": "#0", "tintindex": 0},
				"east": {"uv": [0, 0, 16, 16], "texture": "#0", "tintindex": 0},
				"south": {"uv": [0, 0, 16, 16], "texture": "#0", "tintindex": 0},
				"west": {"uv": [0, 0, 16, 16], "texture": "#0", "tintindex": 0},
				"up": {"uv": [0, 0, 16, 16], "texture": "#0", "tintindex": 0},
				"down": {"uv": [0, 0, 16, 16], "texture": "#0", "tintindex": 0}
			}
		},
		{
			"name": "Flüssigkeit",
			"from": [8, 5, 8],
			"to": [9, 5.75, 9],
			"rotation": {"angle": 0, "axis": "y", "origin": [14, 12.5, 14]},
			"faces": {
				"north": {"uv": [0, 0, 16, 16], "texture": "#0", "tintindex": 0},
				"east": {"uv": [0, 0, 16, 16], "texture": "#0", "tintindex": 0},
				"south": {"uv": [0, 0, 16, 16], "texture": "#0", "tintindex": 0},
				"west": {"uv": [0, 0, 16, 16], "texture": "#0", "tintindex": 0},
				"up": {"uv": [0, 0, 16, 16], "texture": "#0", "tintindex": 0},
				"down": {"uv": [0, 0, 16, 16], "texture": "#0", "tintindex": 0}
			}
		},
		{
			"name": "Hals",
			"from": [7.5, 5.5, 7.5],
			"to": [9.5, 7.25, 9.5],
			"rotation": {"angle": 0, "axis": "y", "origin": [14, 13.25, 14]},
			"faces": {
				"north": {"uv": [0, 12, 2, 13.25], "texture": "#1"},
				"east": {"uv": [0, 12, 2, 13.25], "texture": "#1"},
				"south": {"uv": [0, 12, 2, 13.25], "texture": "#1"},
				"west": {"uv": [0, 12, 2, 13.25], "texture": "#1"},
				"up": {"uv": [14, 14.75, 16, 16], "texture": "#1"},
				"down": {"uv": [14, 14.75, 16, 16], "texture": "#1"}
			}
		},
		{
			"name": "Übergang",
			"from": [7, 5.25, 7],
			"to": [10, 5.5, 10],
			"rotation": {"angle": 0, "axis": "y", "origin": [14, 13, 14]},
			"faces": {
				"north": {"uv": [0, 8.75, 2.75, 9], "texture": "#1"},
				"east": {"uv": [0, 8.75, 2.75, 9], "texture": "#1"},
				"south": {"uv": [0, 8.75, 2.75, 9], "texture": "#1"},
				"west": {"uv": [0, 8.75, 2.75, 9], "texture": "#1"},
				"up": {"uv": [6, 3, 9, 6], "texture": "#1"},
				"down": {"uv": [0, 8.375, 3, 11.375], "texture": "#1"}
			}
		},
		{
			"name": "Stöpsel",
			"from": [7.25, 7.25, 7.25],
			"to": [9.75, 8, 9.75],
			"rotation": {"angle": 0, "axis": "y", "origin": [14, 15.25, 14]},
			"faces": {
				"north": {"uv": [4.125, 13.75, 6.625, 14.5], "texture": "#1"},
				"east": {"uv": [4.125, 14.125, 6.625, 14.875], "texture": "#1"},
				"south": {"uv": [4.125, 14.125, 6.625, 14.875], "texture": "#1"},
				"west": {"uv": [4.125, 14, 6.625, 14.75], "texture": "#1"},
				"up": {"uv": [4.125, 13.25, 6.625, 15.75], "texture": "#1"},
				"down": {"uv": [4.125, 13.25, 6.625, 15.75], "texture": "#1"}
			}
		},
		{
			"name": "Stöpsel",
			"from": [8, 8, 8],
			"to": [9, 12.75, 9],
			"rotation": {"angle": 0, "axis": "y", "origin": [14, 16, 14]},
			"faces": {
				"north": {"uv": [9.875, 13.5, 15.125, 14.5], "rotation": 90, "texture": "#1"},
				"east": {"uv": [9.875, 13.5, 15.125, 14.5], "rotation": 90, "texture": "#1"},
				"south": {"uv": [9.875, 13.5, 15.125, 14.5], "rotation": 90, "texture": "#1"},
				"west": {"uv": [9.875, 13.5, 15.125, 14.5], "rotation": 90, "texture": "#1"},
				"up": {"uv": [9.875, 13.5, 10.875, 14.5], "rotation": 90, "texture": "#1"},
				"down": {"uv": [11.375, 13.5, 12.375, 14.5], "rotation": 90, "texture": "#1"}
			}
		}
	],
	"display": {
		"thirdperson_righthand": {
			"rotation": [-180, 0, 0],
			"translation": [0, 1, 1.25],
			"scale": [0.54, 0.54, 0.54]
		},
		"thirdperson_lefthand": {
			"rotation": [-180, 0, 0],
			"translation": [0, 1, 1.25],
			"scale": [0.54, 0.54, 0.54]
		},
		"firstperson_righthand": {
			"rotation": [-180, 0, 0],
			"translation": [0, 3, 3.5],
			"scale": [0.63, 0.63, 0.63]
		},
		"firstperson_lefthand": {
			"rotation": [-180, 0, 0],
			"translation": [0, 3, 3.5],
			"scale": [0.63, 0.63, 0.63]
		},
		"ground": {
			"rotation": [-180, 0, 0],
			"translation": [0, 4.5, 0]
		},
		"gui": {
			"rotation": [0, -58, -24],
			"translation": [1.25, 3, 0],
			"scale": [1.08, 1.08, 1.08]
		},
		"fixed": {
			"rotation": [0, 0, 45],
			"translation": [-2.75, 2, -2.75],
			"scale": [1.42, 1.42, 1.42]
		}
	}
}
