{
	"credit": "Made by Matthi",
	"texture_size": [32, 32],
	"textures": {
		"0": "item/krug",
		"1": "item/potion_overlay"
	},
	"elements": [
		{
			"name": "Boden",
			"from": [6, 0, 4.5],
			"to": [11, 0.5, 9.5],
			"rotation": {"angle": 0, "axis": "y", "origin": [17, 8, 13]},
			"faces": {
				"north": {"uv": [4, 15.75, 6.5, 16], "texture": "#0"},
				"east": {"uv": [3, 15.75, 5.5, 16], "texture": "#0"},
				"south": {"uv": [1.5, 15.75, 4, 16], "texture": "#0"},
				"west": {"uv": [1.5, 15.75, 4, 16], "texture": "#0"},
				"up": {"uv": [0.5, 13.5, 3, 16], "texture": "#0"},
				"down": {"uv": [11, 0, 16, 5], "texture": "#0"}
			}
		},
		{
			"from": [6, 0, 4],
			"to": [11, 9, 4.5],
			"rotation": {"angle": 0, "axis": "y", "origin": [17, 8, 12]},
			"faces": {
				"north": {"uv": [10, 7, 16, 16], "texture": "#0"},
				"east": {"uv": [1.75, 11.5, 2, 16], "texture": "#0"},
				"south": {"uv": [3.5, 10.5, 6, 15], "texture": "#0"},
				"west": {"uv": [0.75, 11.5, 1, 16], "texture": "#0"},
				"up": {"uv": [10.5, 7, 13.25, 7.5], "texture": "#0"},
				"down": {"uv": [12, 6.75, 14.5, 7.25], "texture": "#0"}
			}
		},
		{
			"from": [6, 0, 9.5],
			"to": [11, 9, 10],
			"rotation": {"angle": 0, "axis": "y", "origin": [17, 8, 17]},
			"faces": {
				"north": {"uv": [2.5, 11.5, 5, 16], "texture": "#0"},
				"east": {"uv": [0.75, 11.5, 1, 16], "texture": "#0"},
				"south": {"uv": [10, 7, 16, 16], "texture": "#0"},
				"west": {"uv": [0.75, 11.5, 1, 16], "texture": "#0"},
				"up": {"uv": [11.25, 6.75, 14, 7.25], "texture": "#0"},
				"down": {"uv": [11, 7, 13.5, 7.5], "texture": "#0"}
			}
		},
		{
			"from": [11, 0, 4],
			"to": [11.5, 9, 10],
			"rotation": {"angle": 0, "axis": "y", "origin": [19, 8, 17]},
			"faces": {
				"north": {"uv": [5.75, 0, 6.25, 9], "texture": "#0"},
				"east": {"uv": [0, 0, 6, 9], "texture": "#0"},
				"south": {"uv": [5.75, 0, 6.25, 9], "rotation": 180, "texture": "#0"},
				"west": {"uv": [2.25, 12.25, 7, 14.75], "texture": "#0"},
				"up": {"uv": [7.25, 0, 7.75, 6], "texture": "#0"},
				"down": {"uv": [7.25, 0, 7.75, 6], "texture": "#0"}
			}
		},
		{
			"from": [5.5, 0, 4],
			"to": [6, 9, 10],
			"rotation": {"angle": 0, "axis": "y", "origin": [13, 8, 17]},
			"faces": {
				"north": {"uv": [5.75, 0, 6.25, 9], "rotation": 180, "texture": "#0"},
				"east": {"uv": [1.75, 11.5, 4.75, 16], "texture": "#0"},
				"south": {"uv": [5.75, 0, 6.25, 9], "texture": "#0"},
				"west": {"uv": [0, 0, 6, 9], "texture": "#0"},
				"up": {"uv": [7.25, 0, 7.75, 6], "rotation": 180, "texture": "#0"},
				"down": {"uv": [7.25, 0, 7.75, 6], "rotation": 180, "texture": "#0"}
			}
		},
		{
			"from": [3.65074, 5.05074, 6.6],
			"to": [5.85074, 5.70074, 7.35],
			"rotation": {"angle": 22.5, "axis": "z", "origin": [4.75074, 5.37574, 6.975]},
			"faces": {
				"north": {"uv": [0, 9, 0.75, 11.2], "rotation": 90, "texture": "#0"},
				"east": {"uv": [7, 14.75, 7.325, 15.125], "rotation": 90, "texture": "#0"},
				"south": {"uv": [0, 9, 0.75, 11.2], "rotation": 90, "texture": "#0"},
				"west": {"uv": [3.25, 13.25, 3.575, 13.625], "rotation": 90, "texture": "#0"},
				"up": {"uv": [0, 9, 0.75, 11.2], "rotation": 90, "texture": "#0"},
				"down": {"uv": [0, 9, 0.75, 11.2], "rotation": 90, "texture": "#0"}
			}
		},
		{
			"from": [3.65074, 1.60935, 6.6],
			"to": [5.85074, 2.25935, 7.35],
			"rotation": {"angle": -22.5, "axis": "z", "origin": [4.75074, 1.93435, 6.975]},
			"faces": {
				"north": {"uv": [0, 9.5, 0.325, 10.6], "rotation": 270, "texture": "#0"},
				"east": {"uv": [0, 9.5, 0.325, 10.6], "rotation": 270, "texture": "#0"},
				"south": {"uv": [0, 9.5, 0.325, 10.6], "rotation": 270, "texture": "#0"},
				"west": {"uv": [0, 9.5, 0.325, 10.6], "rotation": 270, "texture": "#0"},
				"up": {"uv": [0, 9.5, 0.325, 10.6], "rotation": 270, "texture": "#0"},
				"down": {"uv": [0, 9.5, 0.325, 10.6], "rotation": 270, "texture": "#0"}
			}
		},
		{
			"from": [3.6101, 2.05505, 6.6],
			"to": [4.2601, 5.25505, 7.35001],
			"rotation": {"angle": 0, "axis": "z", "origin": [3.9351, 4.15505, 6.975]},
			"faces": {
				"north": {"uv": [0, 9.25, 0.75, 10.85], "texture": "#0"},
				"east": {"uv": [0, 9.25, 0.75, 10.85], "texture": "#0"},
				"south": {"uv": [0, 9.25, 0.75, 10.85], "texture": "#0"},
				"west": {"uv": [0, 9.25, 0.75, 10.85], "texture": "#0"},
				"up": {"uv": [0, 9.25, 0.75, 10.85], "texture": "#0"},
				"down": {"uv": [0, 9.25, 0.75, 10.85], "texture": "#0"}
			}
		},
		{
			"name": "Inhalt",
			"from": [6, 0.5, 4.5],
			"to": [11, 7, 9.5],
			"rotation": {"angle": 0, "axis": "y", "origin": [14, 9, 12.5]},
			"faces": {
				"north": {"uv": [0, 0, 16, 16], "texture": "#1", "tintindex": 0},
				"east": {"uv": [0, 0, 16, 16], "texture": "#1", "tintindex": 0},
				"south": {"uv": [0, 0, 16, 16], "texture": "#1", "tintindex": 0},
				"west": {"uv": [0, 0, 16, 16], "texture": "#1", "tintindex": 0},
				"up": {"uv": [0, 0, 16, 16], "texture": "#1", "tintindex": 0},
				"down": {"uv": [0, 0, 16, 16], "texture": "#1", "tintindex": 0}
			}
		},
		{
			"name": "Schaum",
			"from": [6, 7, 4.5],
			"to": [11, 8, 9.5],
			"rotation": {"angle": 0, "axis": "y", "origin": [14, 15, 12.5]},
			"faces": {
				"north": {"uv": [5.5, 11.5, 15.5, 13.5], "texture": "#1"},
				"east": {"uv": [6.5, 8, 16, 10], "texture": "#1"},
				"south": {"uv": [5.5, 10, 15, 12], "texture": "#1"},
				"west": {"uv": [6.5, 8, 16, 10], "texture": "#1"},
				"up": {"uv": [6.5, 8, 16, 16], "texture": "#1"},
				"down": {"uv": [6.5, 8, 16, 16], "texture": "#1"}
			}
		}
	],
	"display": {
		"thirdperson_righthand": {
			"rotation": [68, 90, 0],
			"translation": [0.75, 2.75, 2.25],
			"scale": [0.68, 0.68, 0.68]
		},
		"thirdperson_lefthand": {
			"rotation": [68, -90, 0],
			"translation": [-0.75, 2.75, 2.25],
			"scale": [0.68, 0.68, 0.68]
		},
		"firstperson_righthand": {
			"rotation": [0, 90, 0],
			"translation": [0, 4.5, 1.75],
			"scale": [0.69, 0.69, 0.69]
		},
		"firstperson_lefthand": {
			"rotation": [0, -90, 0],
			"translation": [0, 4.5, 1.75],
			"scale": [0.69, 0.69, 0.69]
		},
		"ground": {
			"translation": [0, 4.25, 0]
		},
		"gui": {
			"rotation": [17, 50, 0],
			"translation": [0, 3.75, 0],
			"scale": [1.08, 1.08, 1.08]
		},
		"fixed": {
			"translation": [-0.5, 4.75, 0.25],
			"scale": [1.47, 1.47, 1.47]
		}
	},
	"groups": [
		{
			"name": "Glas",
			"origin": [8, 8, 8],
			"children": [0, 1, 2, 3, 4]
		},
		{
			"name": "Henkel",
			"origin": [8, 8, 8],
			"children": [5, 6, 7]
		},
		{
			"name": "Flüssigkeit",
			"origin": [8, 8, 8],
			"children": [8, 9]
		}
	]
}