{
	"credit": "Made by Matthi",
	"texture_size": [32, 32],
	"textures": {
		"1": "item/wein",
		"2": "item/potion",
		"3": "item/potion_overlay",
		"4": "item/cidre_vorne"
	},
	"elements": [
		{
			"name": "Flasche",
			"from": [6, 0, 6],
			"to": [9, 8.5, 9],
			"rotation": {"angle": 0, "axis": "y", "origin": [16, 8, 16]},
			"faces": {
				"north": {"uv": [10.75, 0, 16, 16], "texture": "#4"},
				"east": {"uv": [0, 0, 3, 8.5], "texture": "#1"},
				"south": {"uv": [0, 0, 3, 8.5], "texture": "#1"},
				"west": {"uv": [0, 0, 3, 8.5], "texture": "#1"},
				"up": {"uv": [2.75, 0, 5.75, 3], "texture": "#1"},
				"down": {"uv": [2.75, 0, 5.75, 3], "texture": "#1"}
			}
		},
		{
			"name": "Übergang1",
			"from": [6.25, 8.5, 6.25],
			"to": [8.75, 9, 8.75],
			"rotation": {"angle": 0, "axis": "y", "origin": [16, 16.5, 16]},
			"faces": {
				"north": {"uv": [5.5, 0, 8, 0.5], "texture": "#1"},
				"east": {"uv": [5.5, 0, 8, 0.5], "texture": "#1"},
				"south": {"uv": [5.5, 0, 8, 0.5], "texture": "#1"},
				"west": {"uv": [5.5, 0, 8, 0.5], "texture": "#1"},
				"up": {"uv": [2.75, 2.75, 5.25, 5.25], "texture": "#1"},
				"down": {"uv": [14.75, 14.75, 16, 16], "texture": "#1"}
			}
		},
		{
			"name": "Übergang2",
			"from": [6.5, 9, 6.5],
			"to": [8.5, 9.5, 8.5],
			"rotation": {"angle": 0, "axis": "y", "origin": [16, 17, 16]},
			"faces": {
				"north": {"uv": [2.75, 7, 4.75, 7.5], "texture": "#1"},
				"east": {"uv": [2.75, 7, 4.75, 7.5], "texture": "#1"},
				"south": {"uv": [2.75, 7, 4.75, 7.5], "texture": "#1"},
				"west": {"uv": [2.75, 7, 4.75, 7.5], "texture": "#1"},
				"up": {"uv": [2.75, 5, 4.75, 7], "texture": "#1"},
				"down": {"uv": [15, 15, 16, 16], "texture": "#1"}
			}
		},
		{
			"name": "Hals",
			"from": [6.75, 9.5, 6.75],
			"to": [8.25, 13, 8.25],
			"rotation": {"angle": 0, "axis": "y", "origin": [16, 17.5, 16]},
			"faces": {
				"north": {"uv": [0, 9.25, 1.5, 12], "texture": "#1"},
				"east": {"uv": [0, 9.25, 1.5, 12], "texture": "#1"},
				"south": {"uv": [0, 9.25, 1.5, 12], "texture": "#1"},
				"west": {"uv": [0, 9.25, 1.5, 12.25], "texture": "#1"},
				"up": {"uv": [0, 14.5, 1.5, 16], "texture": "#1"},
				"down": {"uv": [15.25, 15.25, 16, 16], "texture": "#1"}
			}
		},
		{
			"name": "Stöpsel",
			"from": [6.65, 12.25, 6.65],
			"to": [8.35, 12.75, 8.35],
			"rotation": {"angle": 0, "axis": "y", "origin": [16, 20.25, 16]},
			"faces": {
				"north": {"uv": [5, 14.5, 6.2, 15], "texture": "#2"},
				"east": {"uv": [4.875, 14.125, 6.075, 14.625], "texture": "#2"},
				"south": {"uv": [4.875, 14.375, 6.075, 14.875], "texture": "#2"},
				"west": {"uv": [5, 14, 6.2, 14.5], "texture": "#2"},
				"up": {"uv": [5, 13.875, 6.2, 15.075], "texture": "#2"},
				"down": {"uv": [4.875, 13.5, 6.075, 14.7], "texture": "#2"}
			}
		},
		{
			"name": "Inhalt1",
			"from": [6.25, 0.25, 6.25],
			"to": [8.75, 8.5, 8.75],
			"rotation": {"angle": 0, "axis": "y", "origin": [16, 8, 16]},
			"faces": {
				"north": {"uv": [0, 0, 15.75, 15.625], "texture": "#3", "tintindex": 0},
				"east": {"uv": [0, 0, 15.75, 15.625], "texture": "#3", "tintindex": 0},
				"south": {"uv": [0, 0, 15.75, 15.625], "texture": "#3", "tintindex": 0},
				"west": {"uv": [0, 0, 15.75, 15.625], "texture": "#3", "tintindex": 0},
				"up": {"uv": [0, 0, 15.75, 15.625], "texture": "#3", "tintindex": 0},
				"down": {"uv": [0, 0, 15.75, 15.625], "texture": "#3", "tintindex": 0}
			}
		},
		{
			"name": "Inhalt2",
			"from": [6.5, 8.5, 6.5],
			"to": [8.5, 9, 8.5],
			"rotation": {"angle": 0, "axis": "y", "origin": [16, 16, 16]},
			"faces": {
				"north": {"uv": [0, 0, 15.75, 15.625], "texture": "#3", "tintindex": 0},
				"east": {"uv": [0, 0, 15.75, 15.625], "texture": "#3", "tintindex": 0},
				"south": {"uv": [0, 0, 15.75, 15.625], "texture": "#3", "tintindex": 0},
				"west": {"uv": [0, 0, 15.75, 15.625], "texture": "#3", "tintindex": 0},
				"up": {"uv": [0, 0, 15.75, 15.625], "texture": "#3", "tintindex": 0},
				"down": {"uv": [0, 0, 15.75, 15.625], "texture": "#3", "tintindex": 0}
			}
		},
		{
			"name": "Inhalt3",
			"from": [6.75, 9, 6.75],
			"to": [8.25, 9.5, 8.25],
			"rotation": {"angle": 0, "axis": "y", "origin": [16, 16.75, 16]},
			"faces": {
				"north": {"uv": [0, 0, 15.75, 15.625], "texture": "#3", "tintindex": 0},
				"east": {"uv": [0, 0, 15.75, 15.625], "texture": "#3", "tintindex": 0},
				"south": {"uv": [0, 0, 15.75, 15.625], "texture": "#3", "tintindex": 0},
				"west": {"uv": [0, 0, 15.75, 15.625], "texture": "#3", "tintindex": 0},
				"up": {"uv": [0, 0, 15.75, 15.625], "texture": "#3", "tintindex": 0},
				"down": {"uv": [0, 0, 15.75, 15.625], "texture": "#3", "tintindex": 0}
			}
		},
		{
			"name": "Inhalt4",
			"from": [7, 9.5, 7],
			"to": [8, 10.75, 8],
			"rotation": {"angle": 0, "axis": "y", "origin": [16, 17.25, 16]},
			"faces": {
				"north": {"uv": [0, 0, 15.75, 15.625], "texture": "#3", "tintindex": 0},
				"east": {"uv": [0, 0, 15.75, 15.625], "texture": "#3", "tintindex": 0},
				"south": {"uv": [0, 0, 15.75, 15.625], "texture": "#3", "tintindex": 0},
				"west": {"uv": [0, 0, 15.75, 15.625], "texture": "#3", "tintindex": 0},
				"up": {"uv": [0, 0, 15.75, 15.625], "texture": "#3", "tintindex": 0},
				"down": {"uv": [0, 0, 15.75, 15.625], "texture": "#3", "tintindex": 0}
			}
		}
	],
	"display": {
		"thirdperson_righthand": {
			"rotation": [44, 0, 0],
			"translation": [0.5, 2, 2.25],
			"scale": [0.85, 0.85, 0.85]
		},
		"thirdperson_lefthand": {
			"rotation": [44, 0, 0],
			"translation": [-0.5, 2, 2.25],
			"scale": [0.85, 0.85, 0.85]
		},
		"firstperson_righthand": {
			"rotation": [0, -180, 0],
			"translation": [-0.5, 3.75, 1.75]
		},
		"firstperson_lefthand": {
			"rotation": [0, -180, 0],
			"translation": [-0.5, 3.75, 1.75]
		},
		"ground": {
			"translation": [0, 4.25, 0]
		},
		"gui": {
			"rotation": [9, 160, 9],
			"translation": [0.75, 2.5, 0],
			"scale": [1.14, 1.14, 1.14]
		},
		"fixed": {
			"translation": [0, 2, 0],
			"scale": [1.44, 1.44, 1.44]
		}
	},
	"groups": [0, 1, 2, 3, 4,
		{
			"name": "Inhalt",
			"origin": [8, 8, 8],
			"children": [5, 6, 7, 8]
		}
	]
}
