{
	"credit": "Made with Blockbench",
	"texture_size": [32, 32],
	"textures": {
		"1": "item/potion",
		"2": "item/whiskey",
		"3": "item/potion_overlay",
		"particle": "block/whiskey"
	},
	"elements": [
		{
			"name": "Flasche",
			"from": [5.75, 1, 7],
			"to": [10.25, 8, 11.5],
			"rotation": {"angle": 0, "axis": "y", "origin": [14, 9, 15]},
			"faces": {
				"north": {"uv": [11.5, 0, 16, 9], "texture": "#2"},
				"east": {"uv": [11.5, 0, 16, 9], "texture": "#2"},
				"south": {"uv": [11.5, 0, 16, 9], "texture": "#2"},
				"west": {"uv": [11.5, 0, 16, 9], "texture": "#2"},
				"up": {"uv": [7.125, 0, 11.625, 4.5], "texture": "#2"},
				"down": {"uv": [7.125, 0, 11.625, 4.5], "texture": "#2"}
			}
		},
		{
			"name": "Inhalt1",
			"from": [6, 1.25, 7.25],
			"to": [10, 7.75, 11.25],
			"rotation": {"angle": 0, "axis": "y", "origin": [14, 9, 15]},
			"faces": {
				"north": {"uv": [0.125, 0, 16, 16], "texture": "#3", "tintindex": 0},
				"east": {"uv": [0.125, 0, 16, 16], "texture": "#3", "tintindex": 0},
				"south": {"uv": [0.125, 0, 16, 16], "texture": "#3", "tintindex": 0},
				"west": {"uv": [0.125, 0, 16, 16], "texture": "#3", "tintindex": 0},
				"up": {"uv": [0.125, 0, 16, 16], "texture": "#3", "tintindex": 0},
				"down": {"uv": [0.125, 0, 16, 16], "texture": "#3", "tintindex": 0}
			}
		},
		{
			"name": "Hals2",
			"from": [6.25, 8, 8],
			"to": [9.75, 9.5, 10.5],
			"rotation": {"angle": 0, "axis": "y", "origin": [14, 16, 15]},
			"faces": {
				"north": {"uv": [1.375, 0, 4.875, 1.25], "texture": "#2"},
				"east": {"uv": [1.375, 0, 4.875, 1.25], "texture": "#2"},
				"south": {"uv": [1.375, 0, 4.875, 1.25], "texture": "#2"},
				"west": {"uv": [1.375, 0, 4.875, 1.25], "texture": "#2"},
				"up": {"uv": [1.375, 0, 4.875, 2.5], "texture": "#2"},
				"down": {"uv": [15.875, 15.875, 16, 16], "texture": "#2"}
			}
		},
		{
			"name": "Inhalt2",
			"from": [6.5, 7.75, 8.25],
			"to": [9.5, 9.25, 10.25],
			"rotation": {"angle": 0, "axis": "y", "origin": [14, 15.75, 15]},
			"faces": {
				"north": {"uv": [2.5, 0, 12, 11], "texture": "#3", "tintindex": 0},
				"east": {"uv": [2.5, 0, 12, 11], "texture": "#3", "tintindex": 0},
				"south": {"uv": [2.5, 0, 12, 11], "texture": "#3", "tintindex": 0},
				"west": {"uv": [2.5, 0, 12, 11], "texture": "#3", "tintindex": 0},
				"up": {"uv": [2.5, 0, 12, 11], "texture": "#3", "tintindex": 0},
				"down": {"uv": [2.5, 0, 12, 11], "texture": "#3", "tintindex": 0}
			}
		},
		{
			"name": "Hals1",
			"from": [7.25, 9.5, 8.5],
			"to": [8.75, 14, 10],
			"rotation": {"angle": 0, "axis": "y", "origin": [14, 18, 15]},
			"faces": {
				"north": {"uv": [0, 0, 1.5, 3.5], "texture": "#2"},
				"east": {"uv": [0, 0, 1.5, 3.5], "texture": "#2"},
				"south": {"uv": [0, 0, 1.5, 3.5], "texture": "#2"},
				"west": {"uv": [0, 0, 1.5, 3.5], "texture": "#2"},
				"up": {"uv": [15.375, 15.875, 16, 16], "texture": "#2"},
				"down": {"uv": [15.875, 15.875, 16, 16], "texture": "#2"}
			}
		},
		{
			"name": "Inhalt3",
			"from": [7.5, 9.25, 8.75],
			"to": [8.5, 11.5, 9.75],
			"rotation": {"angle": 0, "axis": "y", "origin": [14, 17.75, 15]},
			"faces": {
				"north": {"uv": [2, 3.5, 8.5, 12], "texture": "#3", "tintindex": 0},
				"east": {"uv": [2, 3.5, 8.5, 12], "texture": "#3", "tintindex": 0},
				"south": {"uv": [2, 3.5, 8.5, 12], "texture": "#3", "tintindex": 0},
				"west": {"uv": [2, 3.5, 8.5, 12], "texture": "#3", "tintindex": 0},
				"up": {"uv": [2, 3.5, 8.5, 12], "texture": "#3", "tintindex": 0},
				"down": {"uv": [2, 3.5, 8.5, 12], "texture": "#3", "tintindex": 0}
			}
		},
		{
			"name": "Korken",
			"from": [7.25, 14, 8.5],
			"to": [8.75, 14.5, 10],
			"rotation": {"angle": 0, "axis": "y", "origin": [14, 21.5, 15]},
			"faces": {
				"north": {"uv": [4.625, 14.125, 6.125, 14.625], "texture": "#1"},
				"east": {"uv": [4.5, 13.75, 6, 14.25], "texture": "#1"},
				"south": {"uv": [5, 14.375, 6.5, 14.875], "texture": "#1"},
				"west": {"uv": [5, 14.75, 6.5, 15.25], "texture": "#1"},
				"up": {"uv": [4.625, 14.125, 6.125, 15.625], "texture": "#1"},
				"down": {"uv": [4.5, 13.5, 6, 15], "texture": "#1"}
			}
		}
	],
	"display": {
		"thirdperson_righthand": {
			"rotation": [62, 0, 0],
			"translation": [0, 2.75, 1.5],
			"scale": [0.5, 0.5, 0.5]
		},
		"thirdperson_lefthand": {
			"rotation": [62, 0, 0],
			"translation": [0, 2.75, 1.5],
			"scale": [0.5, 0.5, 0.5]
		},
		"firstperson_righthand": {
			"translation": [-0.25, 1.5, 1]
		},
		"firstperson_lefthand": {
			"translation": [-0.25, 1.5, 1]
		},
		"ground": {
			"translation": [0, 1.25, 0],
			"scale": [0.72, 0.72, 0.72]
		},
		"gui": {
			"rotation": [17, -20, -11],
			"translation": [0.25, 1.25, 0]
		},
		"fixed": {
			"translation": [0, 0.25, -1.75],
			"scale": [1.31, 1.31, 1.31]
		}
	}
}