{
	"credit": "Made by Matthi",
	"texture_size": [32, 32],
	"textures": {
		"0": "item/eimer",
		"1": "item/potion_overlay",
		"particle": "item/eimer"
	},
	"elements": [
		{
			"name": "Boden",
			"from": [4, 0, 3],
			"to": [12, 1, 11],
			"rotation": {"angle": 0, "axis": "y", "origin": [12, 8, 11]},
			"faces": {
				"north": {"uv": [2.75, 15.5, 6.75, 16], "texture": "#0"},
				"east": {"uv": [0, 12.5, 4, 13], "texture": "#0"},
				"south": {"uv": [1.75, 15.5, 5.75, 16], "texture": "#0"},
				"west": {"uv": [1, 15.25, 5, 15.75], "texture": "#0"},
				"up": {"uv": [0.75, 12, 4.75, 16], "texture": "#0"},
				"down": {"uv": [0.25, 0.75, 8.25, 8.75], "texture": "#0"}
			}
		},
		{
			"from": [3.5, 0, 2.5],
			"to": [4, 10, 11.5],
			"rotation": {"angle": 0, "axis": "y", "origin": [11, 8, 10]},
			"faces": {
				"north": {"uv": [3.25, 0, 3.75, 10], "texture": "#0"},
				"east": {"uv": [0, 0, 9, 10], "texture": "#0"},
				"south": {"uv": [2.75, 0, 3.25, 10], "texture": "#0"},
				"west": {"uv": [0, 0, 9, 10], "texture": "#0"},
				"up": {"uv": [4.25, 0.75, 4.75, 9.75], "texture": "#0"},
				"down": {"uv": [2.5, 0.5, 3, 9.5], "texture": "#0"}
			}
		},
		{
			"from": [12, 0, 2.5],
			"to": [12.5, 10, 11.5],
			"rotation": {"angle": 0, "axis": "y", "origin": [19.5, 8, 10]},
			"faces": {
				"north": {"uv": [1.25, 0, 1.75, 10], "texture": "#0"},
				"east": {"uv": [0, 0, 9, 10], "texture": "#0"},
				"south": {"uv": [4.25, 0, 4.75, 10], "texture": "#0"},
				"west": {"uv": [0, 0, 9, 10], "texture": "#0"},
				"up": {"uv": [6.25, 0.5, 6.75, 9.5], "texture": "#0"},
				"down": {"uv": [4.25, 0.5, 4.75, 9.5], "texture": "#0"}
			}
		},
		{
			"from": [4, 0, 2.5],
			"to": [12, 10, 3],
			"rotation": {"angle": 0, "axis": "y", "origin": [5.5, 8, 10]},
			"faces": {
				"north": {"uv": [0.5, 0, 8.5, 10], "texture": "#0"},
				"east": {"uv": [0, 0, 0.25, 5], "texture": "#missing"},
				"south": {"uv": [0.25, 0, 8.25, 10], "texture": "#0"},
				"west": {"uv": [0, 0, 0.25, 5], "texture": "#missing"},
				"up": {"uv": [6, 1, 6.5, 9], "rotation": 90, "texture": "#0"},
				"down": {"uv": [3.75, 0.75, 4.25, 8.75], "rotation": 270, "texture": "#0"}
			}
		},
		{
			"from": [4, 0, 11],
			"to": [12, 10, 11.5],
			"rotation": {"angle": 0, "axis": "y", "origin": [5.5, 8, 18.5]},
			"faces": {
				"north": {"uv": [0.5, 0, 8.5, 10], "texture": "#0"},
				"east": {"uv": [0, 0, 0.25, 5], "texture": "#missing"},
				"south": {"uv": [0.25, 0, 8.25, 10], "texture": "#0"},
				"west": {"uv": [0, 0, 0.25, 5], "texture": "#missing"},
				"up": {"uv": [6.25, 1, 6.75, 9], "rotation": 90, "texture": "#0"},
				"down": {"uv": [7.25, 1.25, 7.75, 9.25], "rotation": 270, "texture": "#0"}
			}
		},
		{
			"from": [2.5, 8, 6.75],
			"to": [3.5, 8.5, 7.25],
			"rotation": {"angle": 0, "axis": "y", "origin": [3, 8.25, 7]},
			"faces": {
				"north": {"uv": [12.25, 0, 13.25, 0.5], "texture": "#0"},
				"east": {"uv": [12.25, 0, 13.25, 0.5], "texture": "#0"},
				"south": {"uv": [12.25, 0, 13.25, 0.5], "texture": "#0"},
				"west": {"uv": [12.25, 0, 13.25, 0.5], "texture": "#0"},
				"up": {"uv": [12.25, 0, 13.25, 0.5], "texture": "#0"},
				"down": {"uv": [12.25, 0, 13.25, 0.5], "texture": "#0"}
			}
		},
		{
			"from": [3, 14.25, 6.75],
			"to": [13, 14.75, 7.25],
			"rotation": {"angle": 0, "axis": "y", "origin": [3.5, 14.5, 7]},
			"faces": {
				"north": {"uv": [12.5, 0, 13, 0], "texture": "#0"},
				"east": {"uv": [12.5, 0, 13, 0], "texture": "#0"},
				"south": {"uv": [12.5, 0, 13, 0], "texture": "#0"},
				"west": {"uv": [12.5, 0, 13, 0], "texture": "#0"},
				"up": {"uv": [12.5, 0, 13, 0], "texture": "#0"},
				"down": {"uv": [12.5, 0, 13, 0], "texture": "#0"}
			}
		},
		{
			"from": [6, 14, 6.5],
			"to": [10, 15, 7.5],
			"rotation": {"angle": 0, "axis": "y", "origin": [3.5, 14.5, 7]},
			"faces": {
				"north": {"uv": [11.75, 8, 15.25, 9], "texture": "#0"},
				"east": {"uv": [11.75, 8, 12.75, 9], "texture": "#0"},
				"south": {"uv": [11.75, 8, 15.25, 9], "texture": "#0"},
				"west": {"uv": [11.75, 8, 12.75, 9], "texture": "#0"},
				"up": {"uv": [11.75, 8, 15.25, 9], "texture": "#0"},
				"down": {"uv": [11.75, 8, 15.25, 9], "texture": "#0"}
			}
		},
		{
			"from": [12.5, 8, 6.75],
			"to": [13.5, 8.5, 7.25],
			"rotation": {"angle": 0, "axis": "y", "origin": [13, 8.25, 7]},
			"faces": {
				"north": {"uv": [12.5, 0, 13, 0.25], "texture": "#0"},
				"east": {"uv": [12.5, 0, 13, 0.25], "texture": "#0"},
				"south": {"uv": [12.5, 0, 13, 0.25], "texture": "#0"},
				"west": {"uv": [12.5, 0, 13, 0.25], "texture": "#0"},
				"up": {"uv": [12.5, 0, 13, 0.25], "texture": "#0"},
				"down": {"uv": [12.5, 0, 13, 0.25], "texture": "#0"}
			}
		},
		{
			"from": [13, 8.5, 6.75],
			"to": [13.5, 14.75, 7.25],
			"rotation": {"angle": 0, "axis": "y", "origin": [13, 8.75, 7]},
			"faces": {
				"north": {"uv": [12.5, 0, 13, 0.375], "texture": "#0"},
				"east": {"uv": [12.5, 0, 13, 0.375], "texture": "#0"},
				"south": {"uv": [12.5, 0, 13, 0.375], "texture": "#0"},
				"west": {"uv": [12.5, 0, 13, 0.375], "texture": "#0"},
				"up": {"uv": [12.5, 0, 13, 0.375], "texture": "#0"},
				"down": {"uv": [12.5, 0, 13, 0.375], "texture": "#0"}
			}
		},
		{
			"from": [2.5, 8.5, 6.75],
			"to": [3, 14.75, 7.25],
			"rotation": {"angle": 0, "axis": "y", "origin": [2.5, 8.75, 7]},
			"faces": {
				"north": {"uv": [12.5, 0, 13.25, 0.125], "texture": "#0"},
				"east": {"uv": [12.5, 0, 13.25, 0.125], "texture": "#0"},
				"south": {"uv": [12.5, 0, 13.25, 0.125], "texture": "#0"},
				"west": {"uv": [12.5, 0, 13.25, 0.125], "texture": "#0"},
				"up": {"uv": [12.5, 0, 13.25, 0.125], "texture": "#0"},
				"down": {"uv": [12.5, 0, 13.25, 0.125], "texture": "#0"}
			}
		},
		{
			"name": "Inhalt",
			"from": [4, 1, 3],
			"to": [12, 8.5, 11],
			"rotation": {"angle": 0, "axis": "y", "origin": [12, 9, 11]},
			"faces": {
				"north": {"uv": [7, 12.25, 11, 16], "texture": "#0"},
				"east": {"uv": [0, 12.25, 4, 16], "texture": "#0"},
				"south": {"uv": [4.5, 12.25, 8.5, 16], "texture": "#0"},
				"west": {"uv": [4.25, 12.25, 8.25, 16], "texture": "#0"},
				"up": {"uv": [0, 0, 16, 16], "texture": "#1", "tintindex": 0},
				"down": {"uv": [0.75, 12, 4.75, 16], "texture": "#0"}
			}
		}
	],
	"display": {
		"thirdperson_righthand": {
			"rotation": [67, 0, 0],
			"translation": [0, -3.5, -2],
			"scale": [0.53, 0.53, 0.53]
		},
		"thirdperson_lefthand": {
			"rotation": [67, 0, 0],
			"translation": [0, -3.5, -2],
			"scale": [0.53, 0.53, 0.53]
		},
		"ground": {
			"translation": [0, 4.25, 0],
			"scale": [0.82, 0.82, 0.82]
		},
		"gui": {
			"rotation": [17, -14, 0],
			"translation": [0, 1, 0],
			"scale": [0.86, 0.86, 0.86]
		},
		"fixed": {
			"translation": [0, 0.25, 0]
		}
	},
	"groups": [0,
		{
			"name": "Wände",
			"origin": [5.5, 8, 18.5],
			"children": [1, 2, 3, 4]
		},
		{
			"name": "Henkel",
			"origin": [2.5, 8.75, 7],
			"children": [5, 6, 7, 8, 9, 10]
		}, 11]
}
