{
	"credit": "Made with Blockbench",
	"texture_size": [32, 32],
	"textures": {
		"1": "item/potion",
		"2": "item/whiskey",
		"3": "item/potion_overlay",
		"4": "item/granite",
		"particle": "block/whiskey"
	},
	"elements": [
		{
			"name": "Hals1",
			"from": [7.25, 10.5, 8.25],
			"to": [8.75, 14, 9.75],
			"rotation": {"angle": 0, "axis": "y", "origin": [14, 18, 14.75]},
			"faces": {
				"north": {"uv": [0, 0, 1.5, 3.5], "texture": "#2"},
				"east": {"uv": [0, 0, 1.5, 3.5], "texture": "#2"},
				"south": {"uv": [0, 0, 1.5, 3.5], "texture": "#2"},
				"west": {"uv": [0, 0, 1.5, 3.5], "texture": "#2"},
				"up": {"uv": [15.375, 15.875, 16, 16], "texture": "#2"},
				"down": {"uv": [15.875, 15.875, 16, 16], "texture": "#2"}
			}
		},
		{
			"name": "Inhalt3",
			"from": [7.5, 10.5, 8.5],
			"to": [8.5, 12.5, 9.5],
			"rotation": {"angle": 0, "axis": "y", "origin": [14, 18.75, 14.75]},
			"faces": {
				"north": {"uv": [2, 3.5, 8.5, 12], "texture": "#3", "tintindex": 0},
				"east": {"uv": [2, 3.5, 8.5, 12], "texture": "#3", "tintindex": 0},
				"south": {"uv": [2, 3.5, 8.5, 12], "texture": "#3", "tintindex": 0},
				"west": {"uv": [2, 3.5, 8.5, 12], "texture": "#3", "tintindex": 0},
				"up": {"uv": [2, 3.5, 8.5, 12], "texture": "#3", "tintindex": 0},
				"down": {"uv": [2, 3.5, 8.5, 12], "texture": "#3", "tintindex": 0}
			}
		},
		{
			"name": "Korken",
			"from": [7.25, 14, 8.25],
			"to": [8.75, 14.5, 9.75],
			"rotation": {"angle": 0, "axis": "y", "origin": [14, 21.5, 14.75]},
			"faces": {
				"north": {"uv": [4.625, 14.125, 6.125, 14.625], "texture": "#1"},
				"east": {"uv": [4.5, 13.75, 6, 14.25], "texture": "#1"},
				"south": {"uv": [5, 14.375, 6.5, 14.875], "texture": "#1"},
				"west": {"uv": [5, 14.75, 6.5, 15.25], "texture": "#1"},
				"up": {"uv": [4.625, 14.125, 6.125, 15.625], "texture": "#1"},
				"down": {"uv": [4.5, 13.5, 6, 15], "texture": "#1"}
			}
		},
		{
			"from": [5, 4.5, 6.1],
			"to": [11, 10.5, 12.1],
			"rotation": {"angle": 0, "axis": "y", "origin": [13, 12.5, 14.1]},
			"faces": {
				"north": {"uv": [0, 0, 16, 16], "texture": "#4"},
				"east": {"uv": [0, 0, 16, 16], "texture": "#4"},
				"south": {"uv": [0, 0, 16, 16], "texture": "#4"},
				"west": {"uv": [0, 0, 16, 16], "texture": "#4"},
				"up": {"uv": [0, 0, 16, 16], "texture": "#4"},
				"down": {"uv": [0, 0, 16, 16], "texture": "#4"}
			}
		}
	],
	"display": {
		"thirdperson_righthand": {
			"rotation": [62, 0, 0],
			"translation": [0, 2.25, 0.75],
			"scale": [0.5, 0.5, 0.5]
		},
		"thirdperson_lefthand": {
			"rotation": [62, 0, 0],
			"translation": [0, 2.25, 0.75],
			"scale": [0.5, 0.5, 0.5]
		},
		"firstperson_righthand": {
			"translation": [-0.25, 1.5, 1]
		},
		"firstperson_lefthand": {
			"translation": [-0.25, 1.5, 1]
		},
		"ground": {
			"translation": [0, -0.5, 0],
			"scale": [0.72, 0.72, 0.72]
		},
		"gui": {
			"rotation": [17, -20, -11],
			"translation": [0.25, -0.25, 0],
			"scale": [1.25, 1.25, 1.25]
		},
		"fixed": {
			"translation": [0, -1.25, -1.75],
			"scale": [1.44, 1.44, 1.44]
		}
	}
}