{
	"credit": "Made by Matthi",
	"texture_size": [32, 32],
	"textures": {
		"0": "item/schale",
		"1": "item/potion_overlay",
		"particle": "item/schale"
	},
	"elements": [
		{
			"name": "Boden",
			"from": [7, 0, 6],
			"to": [11, 0.25, 10],
			"rotation": {"angle": 0, "axis": "y", "origin": [15, 8, 16]},
			"faces": {
				"north": {"uv": [0, 9.625, 2, 9.75], "texture": "#0"},
				"east": {"uv": [0.625, 9.5, 2.625, 9.625], "texture": "#0"},
				"south": {"uv": [0, 6.25, 2, 6.375], "texture": "#0"},
				"west": {"uv": [0, 7.5, 2, 7.625], "texture": "#0"},
				"up": {"uv": [0, 8.875, 2, 10.875], "texture": "#0"},
				"down": {"uv": [0, 0, 4, 4], "texture": "#0"}
			}
		},
		{
			"name": "Inhalt",
			"from": [7, 0.25, 6],
			"to": [11, 1.25, 10],
			"rotation": {"angle": 0, "axis": "y", "origin": [15, 8.25, 16]},
			"faces": {
				"north": {"uv": [0, 6, 2, 6.5], "texture": "#0"},
				"east": {"uv": [0, 11, 2, 11.5], "texture": "#0"},
				"south": {"uv": [0.25, 8.25, 2.25, 8.75], "texture": "#0"},
				"west": {"uv": [0, 11.25, 2, 11.75], "texture": "#0"},
				"up": {"uv": [0, 0, 16, 16], "texture": "#1", "tintindex": 0},
				"down": {"uv": [0, 11.25, 2, 13.25], "texture": "#0"}
			}
		},
		{
			"name": "Löffel",
			"from": [6.25, 1.5, 8],
			"to": [8.5, 1.65, 8.4],
			"rotation": {"angle": -22.5, "axis": "z", "origin": [7, 1.625, 8.25]},
			"faces": {
				"north": {"uv": [9.25, 0.5, 14.875, 1], "texture": "#0"},
				"east": {"uv": [9.25, 0.5, 11.125, 1.125], "texture": "#0"},
				"south": {"uv": [9.25, 0.5, 14.875, 1], "texture": "#0"},
				"west": {"uv": [9.25, 0.5, 11.125, 1.125], "texture": "#0"},
				"up": {"uv": [9.25, 0.5, 14.875, 1.5], "texture": "#0"},
				"down": {"uv": [9.25, 0.5, 14.875, 1.5], "texture": "#0"}
			}
		},
		{
			"from": [7, 0, 10],
			"to": [11.5, 1.5, 10.5],
			"rotation": {"angle": 0, "axis": "y", "origin": [15.5, 8, 20]},
			"faces": {
				"north": {"uv": [0, 0, 4.5, 1.5], "texture": "#0"},
				"east": {"uv": [1.125, 0, 1.625, 1.5], "texture": "#0"},
				"south": {"uv": [0, 0, 4.5, 1.5], "texture": "#0"},
				"west": {"uv": [0, 0, 4.5, 1.5], "texture": "#0"},
				"up": {"uv": [0, 1, 4.5, 1.5], "texture": "#0"},
				"down": {"uv": [0, 0.5, 4.5, 1], "texture": "#0"}
			}
		},
		{
			"from": [6.5, 0, 5.5],
			"to": [11, 1.5, 6],
			"rotation": {"angle": 0, "axis": "y", "origin": [15, 8, 15.5]},
			"faces": {
				"north": {"uv": [0, 0, 4.5, 1.5], "texture": "#0"},
				"east": {"uv": [0, 14.5, 4.5, 16], "texture": "#0"},
				"south": {"uv": [0, 0, 4.5, 1.5], "texture": "#0"},
				"west": {"uv": [0, 0, 0.5, 1.5], "texture": "#0"},
				"up": {"uv": [0, 0, 4.5, 0.5], "texture": "#0"},
				"down": {"uv": [0, 0, 4.5, 0.5], "texture": "#0"}
			}
		},
		{
			"from": [11, 0, 5.5],
			"to": [11.5, 1.5, 10],
			"rotation": {"angle": 0, "axis": "y", "origin": [15.5, 8, 15.5]},
			"faces": {
				"north": {"uv": [2.25, 0, 2.75, 1.5], "texture": "#0"},
				"east": {"uv": [0, 0, 4.5, 1.5], "texture": "#0"},
				"south": {"uv": [0, 14.5, 4.5, 16], "texture": "#0"},
				"west": {"uv": [0, 0, 4.5, 1.5], "texture": "#0"},
				"up": {"uv": [0, 0, 4.5, 0.5], "rotation": 90, "texture": "#0"},
				"down": {"uv": [0, 0.25, 4.5, 0.75], "rotation": 90, "texture": "#0"}
			}
		},
		{
			"from": [6.5, 0, 6],
			"to": [7, 1.5, 10.5],
			"rotation": {"angle": 0, "axis": "y", "origin": [11, 8, 16]},
			"faces": {
				"north": {"uv": [0, 0, 4.5, 1.5], "texture": "#0"},
				"east": {"uv": [0, 0, 4.5, 1.5], "texture": "#0"},
				"south": {"uv": [2.125, 0, 2.625, 1.5], "texture": "#0"},
				"west": {"uv": [0, 0, 4.5, 1.5], "texture": "#0"},
				"up": {"uv": [0, 0, 4.5, 0.5], "rotation": 90, "texture": "#0"},
				"down": {"uv": [0, 0, 4.5, 0.5], "rotation": 90, "texture": "#0"}
			}
		}
	],
	"display": {
		"thirdperson_righthand": {
			"rotation": [62, 0, 0],
			"translation": [-0.75, 4.25, 4.5],
			"scale": [0.83, 0.83, 0.83]
		},
		"thirdperson_lefthand": {
			"rotation": [62, 0, 0],
			"translation": [0.75, 4.25, 4.5],
			"scale": [0.83, 0.83, 0.83]
		},
		"firstperson_righthand": {
			"translation": [-0.5, 10, 1.25],
			"scale": [1.19, 1.19, 1.19]
		},
		"firstperson_lefthand": {
			"translation": [-0.5, 10, 1.25],
			"scale": [-1.19, 1.19, 1.19]
		},
		"ground": {
			"translation": [0, 5.25, -0.25]
		},
		"gui": {
			"rotation": [44, 24, 0],
			"translation": [-1.75, 9, 0],
			"scale": [1.86, 1.86, 1.86]
		},
		"fixed": {
			"translation": [-1.25, 7.75, -3],
			"scale": [1.69, 1.69, 1.69]
		}
	},
	"groups": [0, 1, 2,
		{
			"name": "rand",
			"origin": [11, 8, 16],
			"children": [3, 4, 5, 6]
		}
	]
}