{
	"credit": "Made by Matthi",
	"textures": {
		"1": "item/schnaps",
		"2": "item/potion_overlay"
	},
	"elements": [
		{
			"name": "Flasche",
			"from": [5.6, 0, 6.5],
			"to": [9.35, 4.6, 9],
			"rotation": {"angle": 0, "axis": "y", "origin": [13.1, 8, 15]},
			"faces": {
				"north": {"uv": [0, 0, 7.5, 9.2], "texture": "#1"},
				"east": {"uv": [7.25, 0, 12.25, 9.2], "texture": "#1"},
				"south": {"uv": [0, 0, 7.5, 9.2], "texture": "#1"},
				"west": {"uv": [7.25, 0, 12.25, 9.2], "texture": "#1"},
				"up": {"uv": [0, 9, 7.5, 14], "texture": "#1"},
				"down": {"uv": [0, 9, 7.5, 14], "texture": "#1"}
			}
		},
		{
			"name": "Übergang1",
			"from": [6, 4.6, 6.9],
			"to": [9, 5.1, 8.65],
			"rotation": {"angle": 0, "axis": "y", "origin": [13, 12.6, 14.9]},
			"faces": {
				"north": {"uv": [0, 13.75, 6, 14.75], "texture": "#1"},
				"east": {"uv": [12, 0, 15.5, 0.75], "texture": "#1"},
				"south": {"uv": [0, 13.75, 6, 14.75], "texture": "#1"},
				"west": {"uv": [12, 0, 15.5, 1], "texture": "#1"},
				"up": {"uv": [7.25, 9, 13.25, 12.5], "texture": "#1"},
				"down": {"uv": [3, 6.75, 6, 8.5], "texture": "#1"}
			}
		},
		{
			"name": "Übergang2",
			"from": [6.6, 5, 7.15],
			"to": [8.35, 5.5, 8.4],
			"rotation": {"angle": 0, "axis": "y", "origin": [13.1, 13, 14.9]},
			"faces": {
				"north": {"uv": [12, 0, 15.5, 1], "texture": "#1"},
				"east": {"uv": [12, 1.25, 14.5, 2.25], "texture": "#1"},
				"south": {"uv": [12, 0, 15.5, 1], "texture": "#1"},
				"west": {"uv": [12, 1.25, 14.5, 2.25], "texture": "#1"},
				"up": {"uv": [12, 2.25, 15.5, 4.75], "texture": "#1"},
				"down": {"uv": [2.75, 5.25, 4.5, 6.5], "texture": "#1"}
			}
		},
		{
			"name": "Hals",
			"from": [6.85, 5.5, 7.35],
			"to": [8.1, 6.8, 8.15],
			"rotation": {"angle": 0, "axis": "y", "origin": [13.1, 13.5, 15]},
			"faces": {
				"north": {"uv": [13.5, 13.25, 16, 15.85], "rotation": 180, "texture": "#1"},
				"east": {"uv": [11, 13.25, 12.5, 15.85], "texture": "#1"},
				"south": {"uv": [13.5, 13.25, 16, 15.85], "rotation": 180, "texture": "#1"},
				"west": {"uv": [11, 13.25, 12.5, 15.85], "texture": "#1"},
				"up": {"uv": [12.25, 4.75, 14.5, 6.25], "texture": "#1"},
				"down": {"uv": [3.5, 3.75, 4.75, 4.55], "texture": "#1"}
			}
		},
		{
			"name": "Schraubung",
			"from": [6.8, 6.5, 7.3],
			"to": [8.15, 6.6, 8.2],
			"rotation": {"angle": 0, "axis": "y", "origin": [13.1, 13.5, 15]},
			"faces": {
				"north": {"uv": [13.75, 15.75, 15.25, 15.95], "texture": "#1"},
				"east": {"uv": [12.5, 5, 14.3, 5.2], "texture": "#1"},
				"south": {"uv": [13.5, 15.75, 16, 15.95], "texture": "#1"},
				"west": {"uv": [12.5, 5, 14.3, 5.2], "texture": "#1"},
				"up": {"uv": [12.25, 4.75, 14.95, 6.55], "texture": "#1"},
				"down": {"uv": [12.25, 4.75, 14.95, 6.55], "texture": "#1"}
			}
		},
		{
			"name": "Inhalt1",
			"from": [5.85, 0.25, 6.75],
			"to": [9.1, 4.35, 8.75],
			"rotation": {"angle": 0, "axis": "y", "origin": [13.1, 8, 15]},
			"faces": {
				"north": {"uv": [0, 0, 16, 15.7], "texture": "#2", "tintindex": 0},
				"east": {"uv": [0, 0, 16, 15.7], "texture": "#2", "tintindex": 0},
				"south": {"uv": [0, 0, 16, 15.7], "texture": "#2", "tintindex": 0},
				"west": {"uv": [0, 0, 16, 15.7], "texture": "#2", "tintindex": 0},
				"up": {"uv": [0, 0, 16, 15.7], "texture": "#2", "tintindex": 0},
				"down": {"uv": [0, 0, 16, 15.7], "texture": "#2", "tintindex": 0}
			}
		},
		{
			"name": "Inhalt2",
			"from": [6.25, 4.35, 7.15],
			"to": [8.75, 4.85, 8.4],
			"rotation": {"angle": 0, "axis": "y", "origin": [13, 12.35, 14.9]},
			"faces": {
				"north": {"uv": [0, 0, 16, 15.7], "texture": "#2", "tintindex": 0},
				"east": {"uv": [0, 0, 16, 15.7], "texture": "#2", "tintindex": 0},
				"south": {"uv": [0, 0, 16, 15.7], "texture": "#2", "tintindex": 0},
				"west": {"uv": [0, 0, 16, 15.7], "texture": "#2", "tintindex": 0},
				"up": {"uv": [0, 0, 16, 15.7], "texture": "#2", "tintindex": 0},
				"down": {"uv": [0, 0, 16, 15.7], "texture": "#2", "tintindex": 0}
			}
		},
		{
			"name": "Inhalt3",
			"from": [6.85, 4.85, 7.4],
			"to": [8.1, 5.35, 8.15],
			"rotation": {"angle": 0, "axis": "y", "origin": [13.1, 12.85, 14.9]},
			"faces": {
				"north": {"uv": [0, 0, 16, 15.7], "texture": "#2", "tintindex": 0},
				"east": {"uv": [0, 0, 16, 15.7], "texture": "#2", "tintindex": 0},
				"south": {"uv": [0, 0, 16, 15.7], "texture": "#2", "tintindex": 0},
				"west": {"uv": [0, 0, 16, 15.7], "texture": "#2", "tintindex": 0},
				"up": {"uv": [0, 0, 16, 15.7], "texture": "#2", "tintindex": 0},
				"down": {"uv": [0, 0, 16, 15.7], "texture": "#2", "tintindex": 0}
			}
		},
		{
			"name": "Inhalt4",
			"from": [7.1, 5.35, 7.65],
			"to": [7.85, 5.9, 7.95],
			"rotation": {"angle": 0, "axis": "y", "origin": [13.1, 13.35, 15.05]},
			"faces": {
				"north": {"uv": [0, 0, 16, 15.7], "rotation": 180, "texture": "#2", "tintindex": 0},
				"east": {"uv": [0, 0, 16, 15.7], "rotation": 180, "texture": "#2", "tintindex": 0},
				"south": {"uv": [0, 0, 16, 15.7], "rotation": 180, "texture": "#2", "tintindex": 0},
				"west": {"uv": [0, 0, 16, 15.7], "rotation": 180, "texture": "#2", "tintindex": 0},
				"up": {"uv": [0, 0, 16, 15.7], "rotation": 180, "texture": "#2", "tintindex": 0},
				"down": {"uv": [0, 0, 16, 15.7], "rotation": 180, "texture": "#2", "tintindex": 0}
			}
		}
	],
	"display": {
		"thirdperson_righthand": {
			"rotation": [52, 0, 0],
			"translation": [0.5, 4.5, 4.5]
		},
		"thirdperson_lefthand": {
			"rotation": [52, 0, 0],
			"translation": [0.5, 4.5, 4.5]
		},
		"firstperson_righthand": {
			"translation": [0, 7.5, 2.5]
		},
		"firstperson_lefthand": {
			"translation": [0, 7.5, 2.5]
		},
		"ground": {
			"translation": [0, 5, 0]
		},
		"gui": {
			"rotation": [26.5, 26, 0],
			"translation": [1.25, 9, 0],
			"scale": [1.97, 1.97, 1.97]
		},
		"fixed": {
			"translation": [1, 9, 0],
			"scale": [2.06, 2.06, 2.06]
		}
	},
	"groups": [0, 1, 2, 3, 4,
		{
			"name": "Inhalt",
			"origin": [13.1, 8, 15],
			"children": [5, 6, 7, 8]
		}
	]
}