{
	"credit": "Made by Matthi",
	"texture_size": [32, 32],
	"textures": {
		"0": "item/spritze",
		"1": "item/potion_overlay"
	},
	"elements": [
		{
			"from": [7.25, 3, 7],
			"to": [7.5, 4, 7.25],
			"rotation": {"angle": 0, "axis": "y", "origin": [15, 11, 15]},
			"faces": {
				"north": {"uv": [0.25, 5.875, 0.375, 6.375], "texture": "#0"},
				"east": {"uv": [0.25, 5.875, 0.375, 6.375], "texture": "#0"},
				"south": {"uv": [0.25, 5.875, 0.375, 6.375], "texture": "#0"},
				"west": {"uv": [0.25, 5.875, 0.375, 6.375], "texture": "#0"},
				"up": {"uv": [0.25, 5.875, 0.375, 6.375], "texture": "#0"},
				"down": {"uv": [0.25, 5.875, 0.375, 6.375], "texture": "#0"}
			}
		},
		{
			"from": [7, 4, 6.75],
			"to": [7.75, 4.75, 7.5],
			"rotation": {"angle": 0, "axis": "y", "origin": [15, 12, 15]},
			"faces": {
				"north": {"uv": [3.75, 0, 5, 1.25], "texture": "#0"},
				"east": {"uv": [3.75, 0, 5, 1.25], "texture": "#0"},
				"south": {"uv": [3.75, 0, 5, 1.25], "texture": "#0"},
				"west": {"uv": [3.75, 0, 5, 1.25], "texture": "#0"},
				"up": {"uv": [3.75, 0, 5, 1.25], "texture": "#0"},
				"down": {"uv": [3.75, 0, 5, 1.25], "texture": "#0"}
			}
		},
		{
			"name": "Inhalt2",
			"from": [7.1, 4.1, 6.85],
			"to": [7.65, 4.85, 7.4],
			"rotation": {"angle": 0, "axis": "y", "origin": [15, 12, 15]},
			"faces": {
				"north": {"uv": [4, 0, 10, 6], "texture": "#1", "tintindex": 0},
				"east": {"uv": [4, 0, 10, 6], "texture": "#1", "tintindex": 0},
				"south": {"uv": [4, 0, 10, 6], "texture": "#1", "tintindex": 0},
				"west": {"uv": [4, 0, 10, 6], "texture": "#1", "tintindex": 0},
				"up": {"uv": [4, 0, 10, 6], "texture": "#1", "tintindex": 0},
				"down": {"uv": [4, 0, 10, 6], "texture": "#1", "tintindex": 0}
			}
		},
		{
			"from": [6.75, 4.75, 6.5],
			"to": [8, 10.5, 7.75],
			"rotation": {"angle": 0, "axis": "y", "origin": [15, 12.75, 15]},
			"faces": {
				"north": {"uv": [0, 0, 1.25, 5.75], "texture": "#0"},
				"east": {"uv": [1.25, 0, 2.5, 5.75], "texture": "#0"},
				"south": {"uv": [0, 0, 1.25, 5.75], "texture": "#0"},
				"west": {"uv": [1.25, 0, 2.5, 5.75], "texture": "#0"},
				"up": {"uv": [2.5, 0, 3.75, 1.25], "texture": "#0"},
				"down": {"uv": [2.5, 0, 3.75, 1.25], "texture": "#0"}
			}
		},
		{
			"name": "Inhalt1",
			"from": [6.85, 4.85, 6.6],
			"to": [7.9, 10.4, 7.65],
			"rotation": {"angle": 0, "axis": "y", "origin": [15, 12.75, 15]},
			"faces": {
				"north": {"uv": [0, 0, 1.25, 5.75], "texture": "#1", "tintindex": 0},
				"east": {"uv": [0, 0, 1.25, 5.75], "texture": "#1", "tintindex": 0},
				"south": {"uv": [0, 0, 1.25, 5.75], "texture": "#1", "tintindex": 0},
				"west": {"uv": [0, 0, 1.25, 5.75], "texture": "#1", "tintindex": 0},
				"up": {"uv": [0, 0, 1.25, 5.75], "texture": "#1", "tintindex": 0},
				"down": {"uv": [0, 0, 1.25, 5.75], "texture": "#1", "tintindex": 0}
			}
		},
		{
			"from": [5.5, 9.75, 6.5],
			"to": [6.75, 10.25, 7.75],
			"rotation": {"angle": 0, "axis": "y", "origin": [13.75, 12.75, 15]},
			"faces": {
				"north": {"uv": [0, 6, 0.625, 6.25], "texture": "#0"},
				"east": {"uv": [0, 6, 0.625, 6.25], "texture": "#0"},
				"south": {"uv": [0, 6, 0.625, 6.25], "texture": "#0"},
				"west": {"uv": [0, 6, 0.625, 6.25], "texture": "#0"},
				"up": {"uv": [0, 6, 0.625, 6.25], "texture": "#0"},
				"down": {"uv": [0, 6, 0.625, 6.25], "texture": "#0"}
			}
		},
		{
			"from": [8, 9.75, 6.5],
			"to": [9.25, 10.25, 7.75],
			"rotation": {"angle": 0, "axis": "y", "origin": [16.25, 12.75, 15]},
			"faces": {
				"north": {"uv": [0, 5.875, 1.25, 6.375], "texture": "#0"},
				"east": {"uv": [0, 5.875, 1.25, 6.375], "texture": "#0"},
				"south": {"uv": [0, 5.875, 1.25, 6.375], "texture": "#0"},
				"west": {"uv": [0, 5.875, 1.25, 6.375], "texture": "#0"},
				"up": {"uv": [0, 5.875, 1.25, 6.375], "texture": "#0"},
				"down": {"uv": [0, 5.875, 1.25, 6.375], "texture": "#0"}
			}
		},
		{
			"from": [7.25, 10.5, 7],
			"to": [7.5, 11.75, 7.25],
			"rotation": {"angle": 0, "axis": "y", "origin": [15, 13.5, 15]},
			"faces": {
				"north": {"uv": [0.625, 6, 0.75, 6.25], "texture": "#0"},
				"east": {"uv": [0.625, 6, 0.75, 6.25], "texture": "#0"},
				"south": {"uv": [0.625, 6, 0.75, 6.25], "texture": "#0"},
				"west": {"uv": [0.625, 6, 0.75, 6.25], "texture": "#0"},
				"up": {"uv": [0.625, 6, 0.75, 6.25], "texture": "#0"},
				"down": {"uv": [0.625, 6, 0.75, 6.25], "texture": "#0"}
			}
		},
		{
			"from": [6.75, 11.75, 6.5],
			"to": [8, 12.25, 7.75],
			"rotation": {"angle": 0, "axis": "y", "origin": [15, 14.75, 15]},
			"faces": {
				"north": {"uv": [0.125, 6, 0.75, 6.25], "texture": "#0"},
				"east": {"uv": [0.125, 6, 0.75, 6.25], "texture": "#0"},
				"south": {"uv": [0.125, 6, 0.75, 6.25], "texture": "#0"},
				"west": {"uv": [0.125, 6, 0.75, 6.25], "texture": "#0"},
				"up": {"uv": [0.125, 6, 0.75, 6.25], "texture": "#0"},
				"down": {"uv": [0.125, 6, 0.75, 6.25], "texture": "#0"}
			}
		}
	],
	"display": {
		"thirdperson_righthand": {
			"rotation": [78, 0, 0],
			"translation": [0.5, 0, 0],
			"scale": [0.85, 0.85, 0.85]
		},
		"thirdperson_lefthand": {
			"rotation": [78, 0, 0],
			"translation": [-0.5, 0, 0],
			"scale": [0.85, 0.85, 0.85]
		},
		"firstperson_righthand": {
			"rotation": [0, 0, -172],
			"translation": [1.5, 3.75, 1.75]
		},
		"firstperson_lefthand": {
			"rotation": [0, 0, -172],
			"translation": [1.5, 3.75, 1.75]
		},
		"ground": {
			"rotation": [-90, 0, -90],
			"translation": [0, 0, 1]
		},
		"gui": {
			"rotation": [0, 0, -45],
			"translation": [1.25, 0.25, 0],
			"scale": [1.71, 1.71, 1.71]
		},
		"fixed": {
			"rotation": [0, 0, 45],
			"translation": [0.75, 1.25, 0.5],
			"scale": [1.8, 1.8, 1.8]
		}
	}
}
