{
	"credit": "Made with Blockbench",
	"texture_size": [32, 32],
	"textures": {
		"0": "item/potion_overlay",
		"1": "item/tasse",
		"particle": "item/potion_overlay"
	},
	"elements": [
		{
			"name": "Inhalt",
			"from": [5.5, 0.5, 4.5],
			"to": [9.5, 4.75, 8.5],
			"rotation": {"angle": 0, "axis": "y", "origin": [13, 8.5, 12]},
			"faces": {
				"north": {"uv": [0, 0, 11.5, 12], "texture": "#0", "tintindex": 0},
				"east": {"uv": [0, 0, 11.5, 12], "texture": "#0", "tintindex": 0},
				"south": {"uv": [0, 0, 11.5, 12], "texture": "#0", "tintindex": 0},
				"west": {"uv": [0, 0, 11.5, 12], "texture": "#0", "tintindex": 0},
				"up": {"uv": [0, 0, 11.5, 12], "texture": "#0", "tintindex": 0},
				"down": {"uv": [0, 0, 11.5, 12], "texture": "#0", "tintindex": 0}
			}
		},
		{
			"name": "Griff",
			"from": [3.25, 3.25, 6],
			"to": [3.75, 5, 6.75],
			"rotation": {"angle": -45, "axis": "z", "origin": [3.5, 2.5, 6.5]},
			"faces": {
				"north": {"uv": [0, 0, 0.875, 0.25], "rotation": 270, "texture": "#1"},
				"east": {"uv": [0, 0, 0.875, 0.25], "rotation": 270, "texture": "#1"},
				"south": {"uv": [0, 0, 0.875, 0.25], "rotation": 270, "texture": "#1"},
				"west": {"uv": [0, 0, 0.875, 0.25], "rotation": 270, "texture": "#1"},
				"up": {"uv": [0, 0, 0.875, 0.25], "rotation": 270, "texture": "#1"},
				"down": {"uv": [0, 0, 0.875, 0.25], "rotation": 270, "texture": "#1"}
			}
		},
		{
			"name": "Griff",
			"from": [5.19454, 1.51256, 6],
			"to": [5.69454, 3.76256, 6.75],
			"rotation": {"angle": 45, "axis": "z", "origin": [5.44454, 1.26256, 6.5]},
			"faces": {
				"north": {"uv": [0, 0, 1.125, 0.25], "rotation": 270, "texture": "#1"},
				"east": {"uv": [0, 0, 1.125, 0.25], "rotation": 270, "texture": "#1"},
				"south": {"uv": [0, 0, 1.125, 0.25], "rotation": 270, "texture": "#1"},
				"west": {"uv": [0, 0, 1.125, 0.25], "rotation": 270, "texture": "#1"},
				"up": {"uv": [0, 0, 1.125, 0.25], "rotation": 270, "texture": "#1"},
				"down": {"uv": [0, 0, 1.125, 0.25], "rotation": 270, "texture": "#1"}
			}
		},
		{
			"from": [5, 0, 4],
			"to": [10, 0.5, 9],
			"rotation": {"angle": 0, "axis": "y", "origin": [13, 8, 12]},
			"faces": {
				"north": {"uv": [0, 0, 2.5, 0.25], "texture": "#1"},
				"east": {"uv": [0, 0, 2.5, 0.25], "texture": "#1"},
				"south": {"uv": [0, 0, 2.5, 0.25], "texture": "#1"},
				"west": {"uv": [0, 0, 2.5, 0.25], "texture": "#1"},
				"up": {"uv": [0, 0, 2.5, 0.25], "texture": "#1"},
				"down": {"uv": [0, 0, 2.5, 0.25], "texture": "#1"}
			}
		},
		{
			"from": [9.5, 0.5, 4],
			"to": [10, 5.5, 9],
			"rotation": {"angle": 0, "axis": "z", "origin": [9.75, 3, 6.5]},
			"faces": {
				"north": {"uv": [0, 0, 2.5, 0.25], "rotation": 270, "texture": "#1"},
				"east": {"uv": [0, 0, 2.5, 0.25], "rotation": 270, "texture": "#1"},
				"south": {"uv": [0, 0, 2.5, 0.25], "rotation": 270, "texture": "#1"},
				"west": {"uv": [0, 0, 2.5, 0.25], "rotation": 270, "texture": "#1"},
				"up": {"uv": [0, 0, 2.5, 0.25], "rotation": 270, "texture": "#1"},
				"down": {"uv": [0, 0, 2.5, 0.25], "rotation": 270, "texture": "#1"}
			}
		},
		{
			"from": [5, 0.5, 4],
			"to": [5.5, 5.5, 9],
			"rotation": {"angle": 0, "axis": "z", "origin": [5.25, 3, 6.5]},
			"faces": {
				"north": {"uv": [0, 0, 2.5, 0.25], "rotation": 270, "texture": "#1"},
				"east": {"uv": [0, 0, 2.5, 0.25], "rotation": 270, "texture": "#1"},
				"south": {"uv": [0, 0, 2.5, 0.25], "rotation": 270, "texture": "#1"},
				"west": {"uv": [0, 0, 2.5, 0.25], "rotation": 270, "texture": "#1"},
				"up": {"uv": [0, 0, 2.5, 0.25], "rotation": 270, "texture": "#1"},
				"down": {"uv": [0, 0, 2.5, 0.25], "rotation": 270, "texture": "#1"}
			}
		},
		{
			"from": [5.5, 0.5, 4],
			"to": [9.5, 5.5, 4.5],
			"rotation": {"angle": 0, "axis": "y", "origin": [7, 3, 4.25]},
			"faces": {
				"north": {"uv": [11, 12, 16, 16], "rotation": 90, "texture": "#1"},
				"east": {"uv": [0, 0, 2.5, 2], "rotation": 90, "texture": "#1"},
				"south": {"uv": [0, 0, 2.5, 2], "rotation": 90, "texture": "#1"},
				"west": {"uv": [0, 0, 2.5, 2], "rotation": 90, "texture": "#1"},
				"up": {"uv": [0, 0, 2.5, 2], "rotation": 90, "texture": "#1"},
				"down": {"uv": [0, 0, 2.5, 2], "rotation": 90, "texture": "#1"}
			}
		},
		{
			"from": [5.5, 0.5, 8.5],
			"to": [9.5, 5.5, 9],
			"rotation": {"angle": 0, "axis": "y", "origin": [7, 3, 8.75]},
			"faces": {
				"north": {"uv": [0, 0, 2.5, 2], "rotation": 90, "texture": "#1"},
				"east": {"uv": [0, 0, 2.5, 2], "rotation": 90, "texture": "#1"},
				"south": {"uv": [0, 0, 2.5, 2], "rotation": 90, "texture": "#1"},
				"west": {"uv": [0, 0, 2.5, 2], "rotation": 90, "texture": "#1"},
				"up": {"uv": [0, 0, 2.5, 2], "rotation": 90, "texture": "#1"},
				"down": {"uv": [0, 0, 2.5, 2], "rotation": 90, "texture": "#1"}
			}
		}
	],
	"display": {
		"thirdperson_righthand": {
			"rotation": [82.5, 89, -14.75],
			"translation": [1.25, 4, 3.25],
			"scale": [0.81, 0.81, 0.81]
		},
		"thirdperson_lefthand": {
			"rotation": [82.5, -89, 14.5],
			"translation": [-1.25, 4, 3.25],
			"scale": [0.81, 0.81, 0.81]
		},
		"firstperson_righthand": {
			"rotation": [0, 88, 0],
			"translation": [0, 7, 1]
		},
		"firstperson_lefthand": {
			"rotation": [0, -88, 0],
			"translation": [-2, 7, 1.25]
		},
		"ground": {
			"translation": [0, 5.25, 0]
		},
		"gui": {
			"rotation": [21, 5, 0],
			"translation": [1.75, 8.5, 0],
			"scale": [1.87, 1.87, 1.87]
		},
		"fixed": {
			"translation": [0.5, 10.25, 1.25],
			"scale": [1.96, 1.96, 1.96]
		}
	},
	"groups": [0,
		{
			"name": "Griff",
			"origin": [5.44454, 1.26256, 6.5],
			"children": [1, 2]
		},
		{
			"name": "Tasse",
			"origin": [7, 3, 8.75],
			"children": [3, 4, 5, 6, 7]
		}
	]
}
